report_no,output_folder,txt_file,csv_file,status
1,Report_1_uml_pages,Report_1_uml_pages.txt,Report_1_uml_pages_testcases.csv,ok
2,Report_2_uml_pages,Report_2_uml_pages.txt,Report_2_uml_pages_testcases.csv,ok
3,Report_3_uml_pages,Report_3_uml_pages.txt,Report_3_uml_pages_testcases.csv,ok
4,Report_4_uml_pages,Report_4_uml_pages.txt,Report_4_uml_pages_testcases.csv,ok
5,Report_5_uml_pages,Report_5_uml_pages.txt,Report_5_uml_pages_testcases.csv,ok
6,Report_6_uml_pages,Report_6_uml_pages.txt,Report_6_uml_pages_testcases.csv,ok
7,Report_7_uml_pages,Report_7_uml_pages.txt,Report_7_uml_pages_testcases.csv,ok
8,Report_8_uml_pages,Report_8_uml_pages.txt,Report_8_uml_pages_testcases.csv,ok
9,Report_9_uml_pages,Report_9_uml_pages.txt,Report_9_uml_pages_testcases.csv,ok
10,Report_10_uml_pages,Report_10_uml_pages.txt,Report_10_uml_pages_testcases.csv,ok
12,Report_12_uml_pages,Report_12_uml_pages.txt,Report_12_uml_pages_testcases.csv,ok
13,Report_13_uml_pages,Report_13_uml_pages.txt,Report_13_uml_pages_testcases.csv,ok
14,Report_14_uml_pages,Report_14_uml_pages.txt,Report_14_uml_pages_testcases.csv,ok
15,Report_15_uml_pages,Report_15_uml_pages.txt,Report_15_uml_pages_testcases.csv,ok
16,Report_16_uml_pages,Report_16_uml_pages.txt,Report_16_uml_pages_testcases.csv,ok
17,Report_17_uml_pages,Report_17_uml_pages.txt,Report_17_uml_pages_testcases.csv,ok
19,Report_19_uml_pages,Report_19_uml_pages.txt,Report_19_uml_pages_testcases.csv,ok
20,Report_20_uml_pages,Report_20_uml_pages.txt,Report_20_uml_pages_testcases.csv,ok
21,Report_21_uml_pages,Report_21_uml_pages.txt,Report_21_uml_pages_testcases.csv,ok
22,Report_22_uml_pages,Report_22_uml_pages.txt,Report_22_uml_pages_testcases.csv,ok
23,Report_23_uml_pages,Report_23_uml_pages.txt,Report_23_uml_pages_testcases.csv,ok
24,Report_24_uml_pages,Report_24_uml_pages.txt,Report_24_uml_pages_testcases.csv,ok
25,Report_25_uml_pages,Report_25_uml_pages.txt,Report_25_uml_pages_testcases.csv,ok
26,Report_26_uml_pages,Report_26_uml_pages.txt,Report_26_uml_pages_testcases.csv,ok
27,Report_27_uml_pages,Report_27_uml_pages.txt,Report_27_uml_pages_testcases.csv,ok
28,Report_28_uml_pages,Report_28_uml_pages.txt,Report_28_uml_pages_testcases.csv,ok
29,Report_29_uml_pages,Report_29_uml_pages.txt,Report_29_uml_pages_testcases.csv,ok
30,Report_30_uml_pages,Report_30_uml_pages.txt,Report_30_uml_pages_testcases.csv,ok
31,Report_31_uml_pages,Report_31_uml_pages.txt,Report_31_uml_pages_testcases.csv,ok
32,Report_32_uml_pages,Report_32_uml_pages.txt,Report_32_uml_pages_testcases.csv,ok
33,Report_33_uml_pages,Report_33_uml_pages.txt,Report_33_uml_pages_testcases.csv,ok
